,match,total,%,runtime
0,1034,1274,0.8087755102040817,807.6006734371185
