,match,total,%,runtime
0,93,115,0.8366666666666667,559.707626581192
1,73,101,0.8495073891625616,574.1719439029694
2,154,158,0.9780564263322884,506.0187292098999
