,match,total,%,runtime
0,169,173,0.9782608695652174,579.4115221500397
1,281,284,0.9977876106194691,555.3267707824707
2,177,254,0.9741726151849449,562.927482843399
